{
    "root_group": {
        "path": "",
        "id": "d41d8cd98f00b204e9800998ecf8427e",
        "groups": {},
        "checks": {
                "status is 200": {
                    "name": "status is 200",
                    "path": "::status is 200",
                    "id": "6210a8cd14cd70477eba5c5e4cb3fb5f",
                    "passes": 6290,
                    "fails": 0
                },
                "has success": {
                    "name": "has success",
                    "path": "::has success",
                    "id": "d9f0319a500bf0b51b2e27527574cdc1",
                    "passes": 6290,
                    "fails": 0
                }
            },
        "name": ""
    },
    "metrics": {
        "http_reqs": {
            "count": 6290,
            "rate": 62.36048267172215
        },
        "iteration_duration": {
            "avg": 1043.4870861035022,
            "min": 13.712625,
            "med": 1045.8015415,
            "max": 2640.073583,
            "p(90)": 1838.4439539,
            "p(95)": 1942.41591715
        },
        "http_req_duration{expected_response:true}": {
            "p(95)": 13.524699999999996,
            "avg": 8.622849284578685,
            "min": 3.931,
            "med": 6.056,
            "max": 215.798,
            "p(90)": 10.887400000000001
        },
        "http_req_waiting": {
            "p(90)": 10.531600000000001,
            "p(95)": 13.138199999999992,
            "avg": 8.082502384737662,
            "min": 3.841,
            "med": 5.8495,
            "max": 215.694
        },
        "http_req_sending": {
            "avg": 0.2796015898251187,
            "min": 0.025,
            "med": 0.068,
            "max": 127.519,
            "p(90)": 0.12010000000000014,
            "p(95)": 0.22954999999999973
        },
        "checks": {
            "passes": 12580,
            "fails": 0,
            "value": 1
        },
        "http_req_failed": {
            "passes": 0,
            "fails": 6290,
            "thresholds": {
                "rate<0.01": false
            },
            "value": 0
        },
        "iterations": {
            "count": 6290,
            "rate": 62.36048267172215
        },
        "http_req_connecting": {
            "avg": 0.06830651828298888,
            "min": 0,
            "med": 0,
            "max": 34.679,
            "p(90)": 0,
            "p(95)": 0
        },
        "data_sent": {
            "count": 265958784,
            "rate": 2636775.53911356
        },
        "data_received": {
            "count": 7049459,
            "rate": 69889.93097210108
        },
        "vus_max": {
            "value": 100,
            "min": 100,
            "max": 100
        },
        "vus": {
            "value": 4,
            "min": 4,
            "max": 100
        },
        "http_req_receiving": {
            "avg": 0.26074531001589946,
            "min": 0.015,
            "med": 0.057,
            "max": 124.43,
            "p(90)": 0.18610000000000013,
            "p(95)": 0.3105499999999997
        },
        "http_req_tls_handshaking": {
            "p(90)": 0,
            "p(95)": 0,
            "avg": 0,
            "min": 0,
            "med": 0,
            "max": 0
        },
        "http_req_duration": {
            "avg": 8.622849284578685,
            "min": 3.931,
            "med": 6.056,
            "max": 215.798,
            "p(90)": 10.887400000000001,
            "p(95)": 13.524699999999996,
            "thresholds": {
                "p(95)<1000": false,
                "p(99)<2000": false
            }
        },
        "http_req_blocked": {
            "min": 0.001,
            "med": 0.004,
            "max": 47.875,
            "p(90)": 0.006,
            "p(95)": 0.009,
            "avg": 0.11104356120827988
        },
        "p95_latency": {
            "med": 6.056,
            "max": 215.798,
            "p(90)": 10.887400000000001,
            "p(95)": 13.524699999999996,
            "avg": 8.622849284578685,
            "min": 3.931
        },
        "errors": {
            "passes": 0,
            "fails": 6290,
            "thresholds": {
                "rate<0.05": false
            },
            "value": 0
        }
    }
}